{"timestamp":1617839721,"inGer":110.070482407318,"inSH":62.43600997736394,"inSKF":87.61811809591411,"inLSF":21.376444152796836,"inNF":36.064687769281292,"vac":0.12986730952965064}
