{"timestamp":1617879141,"inGer":105.72499374178689,"inSH":63.40027267971705,"inSKF":74.309036866155,"inLSF":21.87357076100141,"inNF":22.295737898536313,"vac":null}