{"timestamp":1618341488,"inGer":140.9289829917646,"inSH":70.0000,"inSKF":51.34541502151635,"inLSF":28.33621666766092,"inNF":36.75783815704636,"vac":0.16313999720392935}
